subset,model,base,n_projects,n_workspaces,mae_model,mae_base,delta_mae,pct_delta,ci2.5,median,ci97.5,p_improve
all,CONTEXT_EXP_NO_SIZE,CONTEXT_NO_SIZE,2107,128,0.6706016780173767,0.6972010909465562,-0.026599412929179556,-3.8151708702960887,-0.05350052045451415,-0.026085535597724308,-0.0012694857287153648,0.9818
all,CONTEXT_EXP_EB_NO_SIZE,CONTEXT_EXP_NO_SIZE,2107,128,0.6245059884577048,0.6706016780173767,-0.046095689559671915,-6.873780825594277,-0.08278289862973587,-0.04514331370765923,-0.020746797186962176,1.0
all,STRICT_CONTEXT_EXP,STRICT_CONTEXT_ONLY,2107,128,0.6882529388517977,0.7024264858581882,-0.014173547006390508,-2.017797917895138,-0.05743358869301158,-0.015289181918685502,0.03272807714781222,0.7426
all,STRICT_CONTEXT_EXP_EB,STRICT_CONTEXT_EXP,2107,128,0.6201641366298417,0.6882529388517977,-0.06808880222195601,-9.892991134269264,-0.11284620068082736,-0.06804142355146103,-0.0355029590079531,1.0
all,COMPOSITION_EXP_EB,COMPOSITION_EXP_ONLY,2107,128,0.6070080643727119,0.684801738579013,-0.07779367420630112,-11.360028724186018,-0.13168526869548286,-0.07686884905085878,-0.03852023104315326,1.0
unseen,CONTEXT_EXP_NO_SIZE,CONTEXT_NO_SIZE,719,99,0.7130738679907221,0.7650855186421159,-0.05201165065139379,-6.798148623137551,-0.09421687927081779,-0.05288944803879425,-0.023575906539888825,0.9999
unseen,CONTEXT_EXP_EB_NO_SIZE,CONTEXT_EXP_NO_SIZE,719,99,0.6819107704367939,0.7130738679907221,-0.03116309755392821,-4.370248154197354,-0.07501605364636556,-0.0299433257466149,0.001998896382877864,0.9665
unseen,STRICT_CONTEXT_EXP,STRICT_CONTEXT_ONLY,719,99,0.7113529191869893,0.7640114172581138,-0.05265849807112455,-6.892370569553201,-0.11907721721316097,-0.051650195767515894,-0.00914043827721031,0.9966
unseen,STRICT_CONTEXT_EXP_EB,STRICT_CONTEXT_EXP,719,99,0.6705831891532792,0.7113529191869893,-0.040769730033710094,-5.73129440170234,-0.0805207704261068,-0.03951162349458093,-0.010853283183934357,0.998
unseen,COMPOSITION_EXP_EB,COMPOSITION_EXP_ONLY,719,99,0.6291150408411125,0.6499163492531428,-0.020801308412030317,-3.2006131921337766,-0.0448598503108964,-0.02052658145233599,0.0014881560534941937,0.9657
