subset,model,base,n_projects,n_workspaces,delta_mae,pct_delta,ci2.5,median,ci97.5,p_improve
all,NO_REALIZED_SIZE,STRICT_CONTEXT_ONLY,2107,128,-0.07792049740048346,-11.09304659907353,-0.14000506883984418,-0.0759003448441195,-0.029152475779266794,0.9999
all,STRICT_NO_SIZE_NO_PLANNED,STRICT_CONTEXT_ONLY,2107,128,-0.08226234922834652,-11.711168483039568,-0.1411422847414723,-0.08190754302481723,-0.03769213718234754,1.0
all,STRICT_CONTEXT_EXP,STRICT_CONTEXT_ONLY,2107,128,-0.014173547006390508,-2.017797917895138,-0.05658697374274867,-0.014615291558791321,0.033818021904808135,0.7355
all,STRICT_NO_SIZE_NO_PLANNED,STRICT_CONTEXT_EXP,2107,128,-0.06808880222195601,-9.892991134269264,-0.11358004206882785,-0.06829479849633147,-0.036273059157227054,1.0
all,PRIMARY_CONDITIONAL_SIZE,NO_REALIZED_SIZE,2107,128,-0.004781135566105932,-0.7655868245416735,-0.026212146747975316,-0.005118015232931372,0.02359649867238641,0.6595
unseen,NO_REALIZED_SIZE,STRICT_CONTEXT_ONLY,719,99,-0.0821006468213199,-10.745997372128667,-0.20162561700267528,-0.07555585110258917,-0.0025279517344397786,0.9801
unseen,STRICT_NO_SIZE_NO_PLANNED,STRICT_CONTEXT_ONLY,719,99,-0.09342822810483464,-12.228642922658162,-0.19666777832654478,-0.09072741894290959,-0.027793257285172072,0.9998
unseen,STRICT_CONTEXT_EXP,STRICT_CONTEXT_ONLY,719,99,-0.05265849807112455,-6.892370569553201,-0.11819834882820998,-0.05129443967352709,-0.00941236148810785,0.996
unseen,STRICT_NO_SIZE_NO_PLANNED,STRICT_CONTEXT_EXP,719,99,-0.040769730033710094,-5.73129440170234,-0.08080830141047667,-0.0395078001316963,-0.009937557004142063,0.9953
unseen,PRIMARY_CONDITIONAL_SIZE,NO_REALIZED_SIZE,719,99,0.00583050391887352,0.8550244653180686,-0.0323977874602738,0.0043361590530080485,0.06038589403504034,0.4248
