year,model,alpha,inner_cv_mae,mae,rmse,r2,n_test
2022,CONTEXT_NO_SIZE,100.0,0.9024512497069013,0.7895913745216336,1.0137756767860753,-0.07336265919906859,534
2022,CONTEXT_EXP_NO_SIZE,100.0,0.8663525169242824,0.7272705993841316,0.9356586187324123,0.08568131878323104,534
2022,CONTEXT_EXP_EB_NO_SIZE,100.0,0.8506747616918198,0.6756527888985346,0.8776800842701659,0.19548298054842972,534
2022,STRICT_CONTEXT_ONLY,100.0,0.9191836060597156,0.7116920341484021,0.9771264931847479,0.0028412012710971046,534
2022,STRICT_CONTEXT_EXP,100.0,0.8966105241120396,0.6712233136028805,0.9300928750716742,0.09652657325777347,534
2022,STRICT_CONTEXT_EXP_EB,100.0,0.882574870621041,0.618626935993222,0.8847458476665564,0.18247731105303344,534
2022,COMPOSITION_EXP_ONLY,0.0001,0.9096430850942745,0.6576887578399573,0.9289649236509282,0.09871658294770846,534
2022,COMPOSITION_EXP_EB,0.0001,0.8824311161630661,0.604020968867229,0.8774629570324697,0.19588098650546826,534
2023,CONTEXT_NO_SIZE,1000.0,0.7452557304944641,0.6754588137290023,0.9168092357511146,0.06374382290468839,1063
2023,CONTEXT_EXP_NO_SIZE,1000.0,0.7135803140696344,0.6591663073770565,0.8896814999719383,0.11833042010827732,1063
2023,CONTEXT_EXP_EB_NO_SIZE,100.0,0.6923212837161706,0.6111177196782375,0.8241589849149242,0.24341324870405112,1063
2023,STRICT_CONTEXT_ONLY,100.0,0.7424190858309401,0.7074743284160281,0.9685239662314696,-0.04485850092241517,1063
2023,STRICT_CONTEXT_EXP,100.0,0.7062472430078637,0.6937433211583987,0.9467495394460654,0.0015945527921554792,1063
2023,STRICT_CONTEXT_EXP_EB,10.0,0.6716839625401556,0.6085326807103403,0.8619518103408446,0.17243386778901337,1063
2023,COMPOSITION_EXP_ONLY,1.0,0.707929254839401,0.6845694378575183,0.9580250715655978,-0.022328542867856793,1063
2023,COMPOSITION_EXP_EB,0.0001,0.6697794955109388,0.5937155090644523,0.8563846303260638,0.18308952403137313,1063
2024,CONTEXT_NO_SIZE,1000.0,0.6861736631501321,0.6457807561488478,0.921191423821764,0.10803963455255072,510
2024,CONTEXT_EXP_NO_SIZE,1000.0,0.6624482044871893,0.635100883862108,0.8935854103203286,0.16069864666884037,510
2024,CONTEXT_EXP_EB_NO_SIZE,1000.0,0.6234486277280864,0.5988576321384314,0.854679657786147,0.23219220034574894,510
2024,STRICT_CONTEXT_ONLY,1000.0,0.6893451632171941,0.6822036242386625,0.988407687109226,-0.02687602280927659,510
2024,STRICT_CONTEXT_EXP,1000.0,0.6724733815505353,0.694640279030239,0.9822781537265439,-0.014179330486940644,510
2024,STRICT_CONTEXT_EXP_EB,100.0,0.6154677502862156,0.6460172793404004,0.9257275205674158,0.09923369035150953,510
2024,COMPOSITION_EXP_ONLY,100.0,0.6651510467319899,0.7136748118762768,0.9848426158861047,-0.01948173801842379,510
2024,COMPOSITION_EXP_EB,100.0,0.6001283681378767,0.6378415845542962,0.919164121664269,0.1119612590003135,510
