year,model,alpha,inner_cv_mae,n_train_chronological,n_train_after_embargo,n_excluded_by_embargo,n_test,mae,rmse,r2
2022,B1_card,10.0,0.8339078750192638,575,343,232,534,0.7910457322965162,1.0410138593655882,-0.13181584966178028
2022,I1_exp,1.0,0.8133909650548031,575,343,232,534,0.7864203850487242,1.016386665305802,-0.0788986897539603
2022,I2_exp_collab,10.0,0.82629547847505,575,343,232,534,0.7718323567888185,0.9986267912040597,-0.041523743051943285
2022,I4_exp_collab_EB,10.0,0.860375504198488,575,343,232,534,0.7565831832893922,0.976057384660446,0.0050220606917127375
2022,IG_main,10.0,0.8207229959303264,575,343,232,534,0.7571238424480117,0.9712951678532571,0.01470743693185339
2023,B1_card,0.0001,0.7125198560140384,1109,734,375,1063,0.7850513018578446,1.002605053014752,-0.11968668805417626
2023,I1_exp,0.0001,0.7019458243359289,1109,734,375,1063,0.7180302312974989,0.9052873460668573,0.08712852506857705
2023,I2_exp_collab,0.0001,0.7005523627892566,1109,734,375,1063,0.7158464194080606,0.9003258312997632,0.09710726583970486
2023,I4_exp_collab_EB,100.0,0.7095267575795234,1109,734,375,1063,0.6535497756404413,0.8340742521305056,0.22509909834579456
2023,IG_main,100.0,0.699868223106954,1109,734,375,1063,0.6537984773633607,0.835009782593401,0.22335980484794504
2024,B1_card,1000.0,0.6829121623366009,2172,1505,667,510,0.6474777437797237,0.9002358500747678,0.1481592882797974
2024,I1_exp,100.0,0.6546156389080934,2172,1505,667,510,0.6696384851177377,0.8625457617320789,0.21799401718994138
2024,I2_exp_collab,100.0,0.6595396681115224,2172,1505,667,510,0.6626920598013616,0.8543581707602962,0.23276971221072285
2024,I4_exp_collab_EB,100.0,0.6457837635602561,2172,1505,667,510,0.624396887900292,0.8078837429472111,0.31396934496544593
2024,IG_main,100.0,0.6305738881560856,2172,1505,667,510,0.628423205707659,0.811620115253428,0.30760904034780934
